LocationName,PositionName
Unknown,Unkown
RS-Pro,A01
RS-Pro,A02
RS-Pro,A03
RS-Pro,B01
RS-Pro,B02
RS-Pro,B03
RS-Pro,C01
RS-Pro,C02
RS-Pro,C03
RS-Pro,D01
RS-Pro,D02
RS-Pro,D03
RS-Pro,D04
Raaco 18,A01
Raaco 18,A02
Raaco 18,A03
Raaco 18,B01
Raaco 18,B02
Raaco 18,B03
Raaco 18,C01
Raaco 18,C02
Raaco 18,C03
Raaco 18,D01
Raaco 18,D02
Raaco 18,D03
Raaco 18,E01
Raaco 18,E02
Raaco 18,E03
Raaco 18,F01
Raaco 18,F02
Raaco 18,F03
Louvre,A01
Louvre,A02
Louvre,A03
Louvre,A04
Louvre,A05
Louvre,A06
Louvre,B01
Louvre,B02
Louvre,B03
Louvre,B04
Louvre,B05
Louvre,B06
Louvre,C01
Louvre,C02
Louvre,C03
Louvre,C04
Louvre,C05
Louvre,C06
Louvre,D01
Louvre,D02
Louvre,D03
Louvre,D04
Louvre,D05
Louvre,D06
Louvre,E01
Louvre,E02
Louvre,E03
Louvre,E04
Louvre,E05
Louvre,E06
Louvre,F01
Louvre,F02
Louvre,F03
Louvre,F04
Louvre,F05
Louvre,F06
Louvre,G01
Louvre,G02
Louvre,G03
Louvre,G04
Louvre,G05
Louvre,G06
Louvre,H01
Louvre,H02
Louvre,H03
Louvre,H04
Louvre,H05
Louvre,H06
Louvre,I01
Louvre,I02
Louvre,I03
Louvre,I04
Louvre,I05
Louvre,I06
Louvre,J01
Louvre,J02
Louvre,J03
Louvre,J04
Louvre,J05
Louvre,J06
Louvre,L01
Louvre,L02
Louvre,L03
Louvre,L04
Louvre,L05
Louvre,L06
Manutan,A01
Manutan,A02
Manutan,B01
Manutan,B02
Manutan,C01
Manutan,C02
Manutan,D01
Manutan,D02
Louvre,K01
Louvre,K02
Louvre,K03
Louvre,K04
Louvre,K05
Louvre,K06
